Song Name ,Artist,Emotions,Anime,Ratings
HOWLING, abingdon boys school, Intense, Darker than Black, 8.74
MUKANJYO, Survive Said The Prophet, Intense, Vinland Saga, 9.92
Dark Crow, MAN WITH A MISSION, Motivated, Vinland Saga, 8.03
Torches, Aimer, Sad, Vinland Saga, 7.87
Drown, milet, Love, Vinland Saga, 8.21
River, Anonymouz, Happy, Vinland Saga, 7.10
Paradox, Survive Said The Prophet, Intense, Vinland Saga, 9.67
Without Love, LMYK, Sad, Vinland Saga, 7.45
Ember, haju, Motivated, Vinland Saga, 8.98
Monochrome no Kiss, SID, Love, Black Butler, 8.56
I'm ALIVE!, BECCA, Motivated, Black Butler, 9.34
Lacrimosa, Kalafina, Sad, Black Butler, 7.73
SHIVER, the GazettE, Intense, Black Butler, 10.00
Bird, Matsushita Yuuya, Happy, Black Butler, 6.87
Kagayaku Sora no Shijima ni wa, Kalafina, Pain, Black Butler, 8.14
ENAMEL, SID, Intense, Black Butler, 9.21
Aoki Tsuki Michite, AKIRA, Sad, Black Butler, 7.62
The Parade of Battlers, otoha, Love, Black Butler, 8.79
Kusou Mythology, Yosei Teikoku, Intense, Mirai Nikki, 6.98
Red Liberation, fripSide, Happy, The Vexations of a Shut-In Vampire Princess, 7.23
unravel, TK from Ling Tosite Sigure, Intense, Tokyo Ghoul, 9.87
Seijatachi, People In The Box, Sad, Tokyo Ghoul, 7.34
Kisetsu wa Tsugitsugi Shindeiku, amazarashi, Pain, Tokyo Ghoul, 8.65
asphyxia, Cö shu Nie, Intense, Tokyo Ghoul, 8.09
katharsis, TK from Ling Tosite Sigure, Intense, Tokyo Ghoul, 9.53
HALF, Ziyoou-vachi, Motivated, Tokyo Ghoul, 7.81
Rakuen no Kimi, osterreich, Love, Tokyo Ghoul, 8.37
Guren no Yumiya, Linked Horizon, Intense, Attack On Titan, 9.99
Shinzou wo Sasageyo!, Linked Horizon, Motivated, Attack On Titan, 8.76
The Rumbling, SiM, Pain, Attack On Titan, 8.87
Demon's child, Ai Higuchi, Pain, Attack On Titan, 10.00
Wings of Freedom, Linked Horizon, Motivated, Attack on Titan, 10.00
Utsukushiki Zankoku na Sekai, Yoko Hikasa, Sad, Attack on Titan, 8.45
great escape,cinema staff, Intense, Attack on Titan, 8.76
Yuugure no Tori, Shinsei Kamattechan, Pain, Attack on Titan, 9.21
Red Swan, YOSHIKI ft. HYDE, Love, Attack on Titan, 8.34
Akatsuki no Chinkonka, Linked Horizon, Intense, Attack on Titan, 9.87
Name of Love, cinema staff, Love, Attack on Titan, 8.09
My war, Shinsei Kamattechan, Motivated, Attack on Titan, 8.63
Battle, Yuko Ando, Sad, Attack on Titan, 8.18
Strongest titan, Linked Horizon, Motivated, Attack on Titan, 7.92
UNDER THE TREE, SiM, Intense, Attack on Titan, 8.76
So long, Ai Higuchi, Happy, Attack on Titan, 8.01
R★O★C★K★S, HOUND DOG, Motivated, Naruto, 8.54
Far Away, ASIAN KUNG-FU GENERATION, Intense, Naruto, 7.67
Kanashimi wo Yasashisa ni, little by little, Sad, Naruto, 6.98
GO!!!, FLOW, Motivated, Naruto, 9.23
Seishun Kyosokyoku, Sambomaster, Happy, Naruto, 7.34
No Boy No Cry, Stance Punks, Sad, Naruto, 7.45
Namikaze Satellite, Snowkel, Love, Naruto, 8.76
Re:, FLOW, Motivated, Naruto, 8.89
Yura Yura, Hearts Grow, Pain, Naruto, 7.81
Wind, Akeboshi, Pain, Naruto, 8.10
Harmonia, RYTHEM, Happy, Naruto, 7.67
Viva Rock Japanese Side, Orange Range, Happy, Naruto, 8.45
ALIVE, Raiko, Motivated, Naruto, 7.98
Ima made Nando mo, the Mass Missile, Love, Naruto, 7.56
Meteor, Tia, Intense, Naruto, 8.34
Mountain A Go Go Too, Captain Straydum, Intense, Naruto, 7.76
Hajimete Kimi to Shabetta, GagagaSP, Happy, Naruto, 8.74
Nakushita Kotoba, No Regret Life, Sad, Naruto, 7.23
Speed, Analogfish, Motivated, Naruto, 8.09
Soba ni Iru Kara, Amadori, Happy, Naruto, 7.87
Parade, CHABA, Happy, Naruto, 7.65
Yellow Moon, Akeboshi, Pain, Naruto, 8.45
Pinocchio, Ore Ska Band, Happy, Naruto, 7.98
Scenario, SABOTEN, Motivated, Naruto, 8.31
Hero's Come Back!!, nobodyknows+, Motivated, Naruto: Shippuden, 9.67
distance, LONG SHOT PARTY, Happy, Naruto: Shippuden, 8.53
Blue Bird, Ikimono Gakari, Intense, Naruto: Shippuden, 8.76
Sign, FLOW, Motivated, Naruto: Shippuden, 10.00
Silhouette, KANA-BOON, Intense, Naruto: Shippuden, 10.00
Diver, NICO Touches the Walls, Motivated, Naruto: Shippuden, 9.21
Lovers, 7!!, Love, Naruto: Shippuden, 9.34
newsong, tacica, Happy, Naruto: Shippuden, 7.45
Moshimo, Daisuke, Sad, Naruto: Shippuden, 8.87
Niwaka Ame Nimo Makezu, NICO Touches the Walls, Intense, Naruto: Shippuden, 10.00
Tsuki no Ookisa, Nogizaka46, Intense, Naruto: Shippuden, 8.98
Guren, DOES, Intense, Naruto: Shippuden, 6.76
Wind, Yamazaru, Motivated, Naruto: Shippuden, 9.12
LINE, Sukima Switch, Sad, Naruto: Shippuden, 7.64
Blood Circulator, ASIAN KUNG-FU GENERATION, Pain, Naruto: Shippuden, 9.87
Kara no Kokoro, Anly, Happy, Naruto: Shippuden, 9.45
Shooting Star, HOME MADE Kazoku, Motivated, Naruto: Shippuden, 8.21
Michi ~to you all, aluto, Intense, Naruto: Shippuden, 8.76
Your Story, little by little, Sad, Naruto: Shippuden, 7.89
Mezamero! Yasei, MATCHY with QUESTION?, Intense, Naruto: Shippuden, 8.34
Sunao na Niji, surface, Sad, Naruto: Shippuden, 7.76
Broken Youth, Nico Touches the Walls, Intense, Naruto: Shippuden, 8.67
Long Kiss Goodbye, HALCALI, Love, Naruto: Shippuden, 8.65
BACCHIKOI!!!, DEV PARADE, Motivated, Naruto: Shippuden, 8.21
Shinkokyuu, SUPER BEAVER, Intense, Naruto: Shippuden, 8.43
My ANSWER, SEAMO, Motivated, Naruto: Shippuden, 8.76
It Was You, Kishidan, Intense, Naruto: Shippuden, 7.89
For You, AZU, Happy, Naruto: Shippuden, 7.54
Bicycle, OreSkaBand, Happy, Naruto: Shippuden, 6.98
Utakata Hanabi, supercell, Sad, Naruto: Shippuden, 8.09
U can do it!, DOMINO, Motivated, Naruto: Shippuden, 10.00
Mayonaka no Orchestra, Aqua Timez, Sad, Naruto: Shippuden, 8.37
FREEDOM, HOME MADE Kazoku, Motivated, Naruto: Shippuden, 8.45
Yokubou wo Sakebe!!!!, OKAMOTO'S, Intense, Naruto: Shippuden, 8.76
Place to Try, TOTALFAT, Happy, Naruto: Shippuden, 7.87
By My Side, Hemenway, Love, Naruto: Shippuden, 8.32
Cascade, UNLIMITS, Intense, Naruto: Shippuden, 8.98
Kono Koe Karashite feat. CHEHON, AISHA, Intense, Naruto: Shippuden, 8.65
MOTHER, MUCC, Pain, Naruto: Shippuden, 8.21
Sayonara Memory, 7!!, Sad, Naruto: Shippuden, 7.76
I Can Hear, DISH//, Happy, Naruto: Shippuden, 7.43
Yume wo Daite Hajimari no Crissroad, Rake, Love, Naruto: Shippuden, 8.98
Black Night Town, Akihisa Kondou, Sad, Naruto: Shippuden, 7.87
FLAME, DISH//, Intense, Naruto: Shippuden, 8.65
Never Change feat.Lyu, SHUN, Love, Naruto: Shippuden, 8.32
No no way, Shiori Tomita, Sad, Naruto: Shippuden, 7.65
Spinning World, Diana Garnet, Happy, Naruto: Shippuden, 8.43
Kotoba no Iranai Yakusoku, sana, Love, Naruto: Shippuden, 7.98
Rainbow Sky, FLOW, Intense, Naruto: Shippuden, 8.76
Trouble Maker, KANIKAPILA, Happy, Naruto: Shippuden, 8.09
That kind of you this kind of me, Thinking Dogs, Sad, Naruto: Shippuden, 7.76
Blue Lullaby, Kuroneko Chelsea, Sad, Naruto: Shippuden, 7.32
Pino to Amélie, Huwie Ishizaki, Happy, Naruto: Shippuden, 8.54
Tabidachi no Uta, Ayumikurikamaki, Sad, Naruto: Shippuden, 7.21
Absolutely, Swimy, Intense, Naruto: Shippuden, 8.87
Resonance, T.M.Revolution, Intense, Soul Eater, 8.76
PAPERMOON, Tommy heavenly6, Sad, Soul Eater, 8.43
I Wanna Be, STANCE PUNKS, Motivated, Soul Eater, 7.89
Style, Kana Nishino, Love, Soul Eater, 7.65
Bakusou Yumeuta, Diggy-MO’, Happy, Soul Eater, 7.54
Strength, abingdon boys school, Intense, Soul Eater, 8.65
Counter Identity, UNISON SQUARE GARDEN, Motivated, Soul Eater, 7.98
Ai ga Hoshii yo, Shion Tsuji, Love, Soul Eater, 7.43
Ao no Kaori, Yui Makino, Sad, Soul Eater, 7.21
Northern Lights, How Merry Marry, Happy, Soul Eater, 7.65
Inferno, Mrs. GREEN APPLE, Intense, Fire Force, 10.00
MAYDAY feat. Ryo from CRYSTAL LAKE, coldrain, Motivated, Fire Force, 7.89
veil, Keina Suda, Intense, Fire Force, 10.00
SPARK-AGAIN, Aimer, Intense, Fire Force, 9.43
Torch of Liberty, KANA-BOON, Motivated, Fire Force, 8.76
ID, CIDERGIRL, Intense, Fire Force, 8.09
Desire, PELICAN FANCLUB, Intense, Fire Force, 8.54
Mixed Nuts, Official HIGE DANdism, Happy, SPYxFAMILY, 8.21
SOUVENIR, BUMP OF CHICKEN, Motivated, SPYxFAMILY, 8.76
Kigeki, Gen Hoshino, Intense, SPYxFAMILY, 8.65
Shikisai, yama, Intense, SPYxFAMILY, 8.43
Kura Kura, Ado, Intense, SPYxFAMILY, 9.10
Todome no Ichigeki feat. Cory Wong, Vaundy, Intense, SPYxFAMILY, 8.87
SOULSOUP, Official HIGE DANdism, Motivated, SPYxFAMILY, 8.54
Hikari no Ato, Gen Hoshino, Motivated, SPYxFAMILY, 8.32
Gurenge, LiSA, Intense, Demon Slayer, 9.21
from the edge, FictionJunction, Intense, Demon Slayer, 8.76
Kamado Tanjiro no Uta, Go Shiina, Motivated, Demon Slayer, 8.43
Akeboshi, LiSA, Intense, Demon Slayer, 8.87
Shirogane, LiSA, Intense, Demon Slayer, 8.98
Homura, LiSA, Intense, Demon Slayer, 8.76
Zankyou Zanka, Aimer, Intense, Demon Slayer, 8.65
Asa ga Kuru, Aimer, Motivated, Demon Slayer, 7.89
Kizuna no Kiseki, MAN WITH A MISSION, Love, Demon Slayer, 8.32
Koi Kogare, MAN WITH A MISSION, Love, Demon Slayer, 7.76
Mugen, MY FIRST STORY, Intense, Demon Slayer, 8.54
Date A Live, sweet ARMS, Love, Date A Live, 8.21
SAVE THE WORLD, Iori Nomizu, Motivated, Date A Live, 7.65
SAVE MY HEART, Iori Nomizu, Motivated, Date A Live, 7.98
Strawberry Rain, Iori Nomizu, Happy, Date A Live, 8.43
Trust in you, sweet ARMS, Love, Date A Live, 8.09
Day to Story, Kaori Sadohara, Motivated, Date A Live, 7.87
My Treasure, Minori Chihara, Love, Date A Live, 8.54
I swear, sweet ARMS, Love, Date A Live, 8.65
Last Promise, Erii Yamazaki, Sad, Date A Live, 7.32
OveR, Miyu Tomita, Intense, Date A Live, 8.76
S.O.S, sweet ARMS, Intense, Date A Live, 8.98
Paradoxes, Miyu Tomita, Intense, Date A Live, 8.43
Hitohira, sweet ARMS, Love, Date A Live, 8.65
Peace Sign, Kenshi Yonezu, Motivated, My Hero Academia, 9.21
The Day, Porno Graffiti, Intense, My Hero Academia, 9.54
Sora ni Utaeba, amazarashi, Sad, My Hero Academia, 8.32
Dakara Hitori Janai, Little Glee Monster, Motivated, My Hero Academia, 8.76
Datte Atashi no Hero, LiSA, Motivated, My Hero Academia, 9.10
ODD FUTURE, UVERworld, Intense, My Hero Academia, 9.43
Make my story, Lenny code fiction, Motivated, My Hero Academia, 8.87
Update, miwa, Motivated, My Hero Academia, 8.54
Long Hope Philia, Masaki Suda, Motivated, My Hero Academia, 9.32
Polaris, BLUE ENCOUNT, Motivated, My Hero Academia, 8.76
Star Marker, KANA-BOON, Motivated, My Hero Academia, 8.54
Koukai no Uta, Sayuri, Motivated, My Hero Academia, 8.87
Shout Baby, Ryokuoushoku Shakai, Motivated, My Hero Academia, 8.65
No.1, DISH//, Motivated, My Hero Academia, 8.98
Merry-Go-Round, MAN WITH A MISSION, Motivated, My Hero Academia, 9.21
Ashiato, the peggies, Motivated, My Hero Academia, 8.43
Uso Janai, Soushi Sakiyama, Motivated, My Hero Academia, 8.09
Hitamuki, SUPER BEAVER, Motivated, My Hero Academia, 9.10
Bokura no, Eve, Motivated, My Hero Academia, 8.32
SKETCH, Kiiro Akiyama, Motivated, My Hero Academia, 8.65
Kitakaze, SIX LOUNGE, Motivated, My Hero Academia, 8.76
Tagatame, TK from Ling tosite sigure, Pain, My Hero Academia, 8.54
Tsubomi, Omoinotake, Motivated, My Hero Academia, 8.87
Higher Ground, sumika, Motivated, My Hero Academia, 8.43
Empathy, ASIAN KUNG-FU GENERATION, Motivated, My Hero Academia, 8.98
Pray, Tommy heavenly6, Intense, Gintama, 8.65
Tooi Nioi, YO-KING, Sad, Gintama, 7.87
Giniro no Sora, redballoon, Happy, Gintama, 8.21
Kasanaru Kage, Hearts Grow, Love, Gintama, 8.76
Donten, DOES, Intense, Gintama, 9.09
Anata MAGIC, monobright, Motivated, Gintama, 7.98
Stairway Generation, Base Ball Bear, Motivated, Gintama, 8.54
Light Infection, Prague, Intense, Gintama, 8.43
Bubblegum, Captain Straydum, Happy, Gintama, 7.65
MR.RAINDROP, amplified, Sad, Gintama, 7.43
Snow Wing, redballoon, Love, Gintama, 8.87
Candy Line, Hitomi Takahashi, Happy, Gintama, 7.76
Shura, DOES, Intense, Gintama, 8.32
Miracle, Snowkel, Love, Gintama, 8.21
SIGNAL, KELUN, Motivated, Gintama, 7.54
Speed of Flow, The Rodeo Carburettor, Intense, Gintama, 8.09
Sanagi, POSSIBILITY, Motivated, Gintama, 8.43
This World is yours, plingmin, Love, Gintama, 7.76
Love love love, GHOSTNOTE, Sad, Gintama, 7.32
Kagayaita, SHIGI, Happy, Gintama, 8.65
Asa Answer, PENGIN, Motivated, Gintama, 7.98
Wo Ai Ni, Hitomi Takahashi feat. Beat Crusaders, Love, Gintama, 8.34
Wonderful Days, ONE☆DRAFT, Happy, Gintama, 8.43
SAYONARA no Sora, Qwai, Sad, Gintama, 7.65
Tougenkyou Alien, serial TV drama, Intense, Gintama, 8.21
Dilemma, ecosystem, Pain, Gintama, 8.87
Wonderland, FLiP, Happy, Gintama, 7.76
Samurai Heart (Some Like It Hot!!), SPYAIR, Intense, Gintama, 8.98
Balance Doll, Prague, Intense, Gintama, 8.76
Anagura, Kuroneko Chelsea, Motivated, Gintama, 7.54
Friend, Good Coming, Love, Gintama, 7.32
LET'S GO OUT, Amoyamo, Happy, Gintama, 7.87
Mantama, Tsu Terakado ♀ with Houkago Happy Hour, Happy, Gintama, 7.76
Sakura Mitsutsuki, SPYAIR, Love, Gintama, 8.09
Expect, Page, Motivated, Gintama, 7.65
Moonwalk, Monobright, Happy, Gintama, 7.43
DAY×DAY, BLUE ENCOUNT, Motivated, Gintama, 8.34
Revolution Pride, CHiCO with HoneyWorks, Motivated, Gintama, 7.76
Saigo made II, Aqua Timez, Sad, Gintama, 7.54
Beautiful Days, OKAMOTO'S, Happy, Gintama, 8.21
Know Know Know, DOES, Intense, Gintama, 8.43
Acchi Muite, Swimy, Love, Gintama, 7.32
DESTINY, Negoto, Intense, Gintama, 8.65
Kagerou, ЯeaL, Intense, Gintama, 8.87
SILVER, RIZE, Intense, Gintama, 8.76
VS, BLUE ENCOUNT, Intense, Gintama, 8.54
Hankou Seimei, Ayumikurikamaki, Intense, Gintama, 8.65
Katte ni My Soul, DISH//, Motivated, Gintama, 7.98
Hana Ichi Monme, BURNOUT SYNDROMES, Happy, Gintama, 7.87
I Wanna Be…, SPYAIR, Motivated, Gintama, 8.32
Bokutachi no Kisetsu, DOES, Sad, Gintama, 7.65
Bakuchi Dance, DOES, Intense, Gintama, 8.43
Genjou Destruction, SPYAIR, Intense, Gintama, 8.54
Wadachi, SPYAIR, Intense, Gintama, 8.76
Kataomoi, Aimer, Love, Lovely Complex, 7.32
found & lost, Survive Said The Prophet, Sad, Banana Fish, 9.54
FREEDOM, BLUE ENCOUNT, Pain, Banana Fish, 9.76
Prayer X, King Gnu, Pain, Banana Fish, 10.00
RED, Survive Said The Prophet, Sad, Banana Fish, 9.32
Sunny Day Song, micro's, Happy, Love Live! The School Idol Movie, 10.00
Secret Base Kimi ga Kureta Mono, "Ai Kayano, Haruka Tomatsu, Saori Hayami", Love, Anohana, 6.87
Idol, YOASOBI, Happy, Oshi no Ko, 8.21
Mephisto, Queen Bee, Intense, Oshi no Ko, 7.65
Forces, Susume Hirasawa, Pain, Berserk, 7.98
Kimi ni Todoke, May's, Love, Kimi ni Todoke, 7.76
For Fruits Basket, Ritsuko Okazaki, Love, Fruits Basket, 9.32
Absolute zero, natori, Intense, Wind Breaker, 8.09
departure!, , Happy, Hunter x Hunter, 9.10
Let Me Hear, Fear and Loathing in Las Vegas, Pain, Parasyte: The Maxim, 8.43
A Cruel Angel's Thesis, Yoko Takahashi, Intense, Neon Genesis Evangelion, 9.87
We Are!, Hiroshi Kitadani, Happy, One Piece, 9.32
Believe, Folder5, Motivated, One Piece, 8.54
Light, The Babystars, Motivated, One Piece, 8.32
Bon Voyage!, Bon-Bon Blanco, Motivated, One Piece, 8.21
Kokoro no Chizu, BOYSTYLE, Motivated, One Piece, 8.76
Brand New World, D-51, Motivated, One Piece, 8.65
We Are!, the Straw Hat Pirates, Happy, One Piece, 9.21
Crazy Rainbow, Tackey & Tsubasa, Happy, One Piece, 7.98
Jungle P, 5050, Happy, One Piece, 8.54
We Are, TVXQ, Happy, One Piece, 8.65
Share the World, TVXQ, Motivated, One Piece, 8.87
I'll Find The Wind, Mari Yaguchi with the Straw Hats, Motivated, One Piece, 7.76
One Day, The Rootless, Motivated, One Piece, 7.87
Fight Together, Namie Amuro, Motivated, One Piece, 8.65
We go!, Hiroshi Kitadani, Happy, One Piece, 8.43
Hands Up!, Kouta Shinzato, Happy, One Piece, 8.32
Wake up!, AAA, Motivated, One Piece, 8.21
Hard Knock Days, GENERATIONS from EXILE TRIBE, Motivated, One Piece, 8.43
We can!, Kishidan and Hiroshi Kitadani, Happy, One Piece, 8.09
Hope, Namie Amuro, Motivated, One Piece, 8.54
Super Powers, V6, Motivated, One Piece, 8.76
OVER THE TOP, Hiroshi Kitadani, Intense, One Piece, 9.32
DREAMIN' ON, Da-iCE, Intense, One Piece, 8.65
PAINT, I Don't Like Mondays., Intense, One Piece, 8.76
Saikou Totatsuten, SEKAI NO OWARI, Intense, One Piece, 8.98
Earth!, Hiroshi Kitadani, Motivated, One Piece, 8.43
For Fruits Basket, Ritsuko Okazaki, Love, Fruits Basket, 9.54
HOWLING, abingdon boys school, Intense, Darker than Black, 8.87
Orange, 7!!, Love, Shigatsu Kimi no Uso, 8.21
Sorairo Days, Shoko Nakagawa, Motivated, Tengen Toppa Gurren Lagann, 10.00
Fire, Queen Bee, Motivated, Dororo, 6.76
Ref, Aimer, Sad, After the Rain, 10.00
Melissa, Porno Graffiti, Intense, Fullmetal Alchemist, 8.54
UNDO, Cool Joke, Intense, Fullmetal Alchemist, 8.87
Rewrite, ASIAN KUNG-FU GENERATION, Intense, Fullmetal Alchemist, 9.32
Tsunai Da Te, Lil'B, Sad, Fullmetal Alchemist, 8.76
Kesenai Tsumi, Nana Kitade, Sad, Fullmetal Alchemist, 8.54
Motherland, Crystal Kay, Sad, Fullmetal Alchemist, 8.21
Tobira no Mukou e, YeLLOW Generation, Motivated, Fullmetal Alchemist, 8.43
I Will, Sowelu, Sad, Fullmetal Alchemist, 8.65
Ready Steady Go!, L'arcenCiel, Sad, Fullmetal Alchemist, 9.09
Again, YUI, Intense, Fullmetal Alchemist: Brotherhood, 9.54
Hologram, NICO Touches the Walls, Intense, Fullmetal Alchemist: Brotherhood, 8.76
Golden Time Lover, Sukima Switch, Intense, Fullmetal Alchemist: Brotherhood, 8.32
Period, CHEMISTRY, Intense, Fullmetal Alchemist: Brotherhood, 8.65
Rain, SID, Sad, Fullmetal Alchemist: Brotherhood, 9.21
Uso, SID, Sad, Fullmetal Alchemist: Brotherhood, 8.87
LET IT OUT, Miho Fukuhara, Sad, Fullmetal Alchemist: Brotherhood, 8.76
Shunkan Sentimental, SCANDAL, Intense, Fullmetal Alchemist: Brotherhood, 8.54
RAY OF LIGHT, Shoko Nakagawa, Motivated, Fullmetal Alchemist: Brotherhood, 8.43
Catch The Moment, LiSA, Happy, Sword Art Online, 9.32
Sadness and Sorrow, Musashi Purojekuto - Toshio Masuda, Sad, Naruto, 7.65
Kimi ni Todoke, May's, Love, Kimi ni Todoke, 7.98
Song of the Dead, Kana-Boon, Happy, Zom 100: Bucket List of the Dead, 8.43
Cry Baby, Official HIGE DANdism, Pain, Tokyo Revengers, 9.09
Tokyo Wonder, Nakimushi, Happy, Tokyo Revengers, 8.32
White Noise, Official HiGE DANdism, Motivated, Tokyo Revengers, 9.21
It Might Be Painful But I Still Love It., TUYU, Love, Tokyo Revengers, 7.87
Say My Name, HEY-SMITH, Intense, Tokyo Revengers, 10.00
Catch The Moment, LiSA, Happy, Sword Art Online, 9.65
INNOCENCE, Eir Aoi, Love, Sword Art Online, 8.43
crossing field, LiSA, Motivated, Sword Art Online, 7.76
Dream World, Haruka Tomatsu, Happy, Sword Art Online, 9.09
Overfly, Luna Haruna, Sad, Sword Art Online, 8.32
Rainbow Voice, Eir Aoi, Love, Sword Art Online, 7.98
IGNITE, Eir Aoi, Intense, Sword Art Online, 10.00
courage, Haruka Tomatsu, Happy, Sword Art Online, 8.54
Separate Ways, Haruka Tomatsu, Love, Sword Art Online, 9.32
Startear, Luna Haruna, Sad, Sword Art Online, 6.87
No More Time Machine, LiSA, Motivated, Sword Art Online, 7.54
LUCK LIFE, LiSA, Happy, Sword Art Online, 8.76
Meteor, Eir Aoi, Intense, Sword Art Online, 9.21
ADAMAS, LiSA, Motivated, Sword Art Online, 8.87
RESISTER, ASCA, Intense, Sword Art Online, 7.65
Iris, Eir Aoi, Sad, Sword Art Online, 6.98
forget-me-not, ReoNa, Pain, Sword Art Online, 8.43
Over the Rainbow, ReoNa, Sad, Sword Art Online, 7.76
Resolution, Haruka Tomatsu, Motivated, Sword Art Online, 9.43
ANIMA, ReoNa, Pain, Sword Art Online, 6.87
unlasting, LiSA, Sad, Sword Art Online, 10.00
I will..., Eir Aoi, Love, Sword Art Online, 9.32
Snow Fairy, FUNKIST, Happy, Fairy Tail, 8.21
S.O.W. Sense of Wonder, Idoling!!!, Motivated, Fairy Tail, 7.54
ft., FUNKIST, Happy, Fairy Tail, 9.21
R.P.G. ~Rockin’ Playing Game, SuG, Intense, Fairy Tail, 8.87
Egao No Mahou, Magic Party, Happy, Fairy Tail, 7.65
Fiesta, +Plus, Love, Fairy Tail, 10.00
Evidence, Daisy×Daisy, Sad, Fairy Tail, 8.32
The Rock City Boy, JAMIL, Sad, Fairy Tail, 9.09
Towa no Kizuna feat. Another Infinity, Daisy×Daisy, Love, Fairy Tail, 7.54
I Wish, Milky Bunny, Intense, Fairy Tail, 8.76
The Starting Sky, +Plus, Motivated, Fairy Tail, 9.43
Tenohira, HERO, Happy, Fairy Tail, 8.65
Breakthrough, GOING UNDER GROUND, Intense, Fairy Tail, 7.98
Fairy Tail: Yakusoku no Hi, Chihiro Yonekura, Sad, Fairy Tail, 10.00
Kanpeki gu~no ne, Watarirouka Hashiri Tai, Happy, Fairy Tail, 8.54
Tsuioku Merry-Go-Round, onelifecrew, Sad, Fairy Tail, 9.21
Sorry I Am, Shiho Nanba, Love, Fairy Tail, 7.87
Kimi ga Iru Kara, Mikuni Shimokawa, Motivated, Fairy Tail, 8.43
HOLY SHINE, Daisy×Daisy, Intense, Fairy Tail, 7.76
-Be As One-, w-inds., Happy, Fairy Tail, 9.32
Hitori Samishiku, ShaNa, Sad, Fairy Tail, 8.09
Don’t think. Feel !!!, Idoling!!!, Motivated, Fairy Tail, 7.54
Kono Te Nobashite, Hi-Fi Camp, Intense, Fairy Tail, 8.87
Boys Be Ambitious!!, Hi-Fi Camp, Motivated, Fairy Tail, 9.09
Glitter (Starving Trancer Remix), Another Infinity ft. Mayumi Morinaga, Love, Fairy Tail, 10.00
YELLKagayaku Tame no Mono, Sata Andagi, Intense, Fairy Tail, 8.43
Secret Base, Shizuka Kudou, Sad, Fairy Tail, 9.09
We’re the stars, Aimi, Love, Fairy Tail, 7.76
MASAYUME CHASING, BoA, Love, Fairy Tail, 8.32
STRIKE BACK, BACK-ON, Motivated, Fairy Tail, 9.21
Mysterious Magic, Do As Infinity, Intense, Fairy Tail, 7.98
BREAK OUT, V6, Motivated, Fairy Tail, 8.65
Yume-iro Graffiti, Tackey & Tsubasa, Happy, Fairy Tail, 9.43
NEVER-END TALE, Tatsuyuki Kobayashi ft. Konomi Suzuki, Sad, Fairy Tail, 8.21
Believe In Myself, EDGE of LIFE, Motivated, Fairy Tail, 9.32
Let tomorrow ring, Kavka Shishido, Happy, Fairy Tail, 8.54
You and Him and Me and Her, BREATHE, Happy, Fairy Tail, 7.87
Key Heart, May J., Love, Fairy Tail, 8.43
Your future, ROOT FIVE, Motivated, Fairy Tail, 9.09
Don’t let me down, Mariya Nishiuchi, Sad, Fairy Tail, 7.65
Never ever, TOKYO GIRLS’ STYLE, Intense, Fairy Tail, 8.87
FOREVER HERE, Yoko Ishida, Love, Fairy Tail, 9.21
A vivid journey, Megumi Mori, Happy, Fairy Tail, 8.65
Landscape, SOLIDEMO, Sad, Fairy Tail, 7.98
MASAYUME CHASING, BoA, Happy, Fairy Tail, 8.76
power of the dream, lol, Motivated, Fairy Tail, 9.54
DOWN BY LAW, THE RAMPAGE from EXILE TRIBE, Intense, Fairy Tail, 8.43
NO-LIMIT, Osaka☆Syunkasyuto, Happy, Fairy Tail, 7.76
MORE THAN LiKE, BiSH, Love, Fairy Tail, 9.09
Endless Harmony, Beverly, Happy, Fairy Tail, 8.87
Pierce, EMPiRE, Sad, Fairy Tail, 7.65
You and My Lullaby, Miyuna, Love, Fairy Tail, 9.32
Exceed, Miyuu, Motivated, Fairy Tail, 8.54
*Asterisk, Orange Range, Happy, Bleach, 8.73
D-tecnolife, UVERworld, Intense, Bleach, 7.95
Ichirin no Hana, High and Mighty Color, Love, Bleach, 9.24
Tonight Tonight Tonight, Beat Crusaders, Motivated, Bleach, 6.85
Rolling star, YUI, Intense, Bleach, 8.17
ALONES, Aqua Timez, Sad, Bleach, 7.41
After Dark, ASIAN KUNG-FU GENERATION, Happy, Bleach, 8.60
CHU-BURA, Kelun, Love, Bleach, 9.12
Velonica, Aqua Timez, Pain, Bleach, 6.50
Shoujo S, SCANDAL, Motivated, Bleach, 7.88
Anima Rossa, Porno Graffitti, Intense, Bleach, 8.95
chAngE, miwa, Sad, Bleach, 6.73
Ranbu no Melody, SID, Love, Bleach, 9.03
BLUE, ViViD, Happy, Bleach, 8.41
HARUKAZE, SCANDAL, Motivated, Bleach, 7.69
Life is Like a Boa, Rie Fu, Intense, Bleach, 8.24
Thank You!!, HOME MADE KAZOKU, Sad, Bleach, 6.12
Houkiboshi, Younha, Love, Bleach, 9.51
Happy People, Skoop on Somebody, Happy, Bleach, 8.87
LIFE, YUI, Pain, Bleach, 6.33
My Pace, SunSet Swish, Love, Bleach, 9.76
Hanabi, Ikimonogakari, Intense, Bleach, 8.08
MOVIN!!, Takacha, Sad, Bleach, 6.94
Baby It’s You, JUNE, Motivated, Bleach, 7.82
Sakura Biyori, Mai Hoshimura, Love, Bleach, 9.25
Tsumasaki, Ore Ska Band, Happy, Bleach, 8.36
Daidai, chatmonchy, Pain, Bleach, 6.77
Tane wo Maku Hibi, Atari Kousuke, Intense, Bleach, 8.69
Kansha., RSP a.k.a Real Street Project, Motivated, Bleach, 7.48
Orange, Lil’B a.k.a MIE&AILA, Sad, Bleach, 6.21
Gallop, pe’zmoku, Love, Bleach, 9.07
Hitohira no Hanabira, STEREOPONY, Happy, Bleach, 8.93
Sky Chord Otona ni Naru Kimi e, Tsuji Shion, Intense, Bleach, 8.79
Kimi wo Mamotte, Kimi wo Aishite, Pain, Bleach, 6.67
Mad Surfer, Kenichi Asai, Sad, Bleach, 6.45
Sakurabito, SunSet Swish, Love, Bleach, 9.10
Tabidatsu Kimi e, RSP, Motivated, Bleach, 7.54
Stay Beautiful, Diggy-MO’, Happy, Bleach, 8.86
Echoes, universe, Love, Bleach, 9.36
Last Moment, SPYAIR, Intense, Bleach, 8.15
Song for…, ROOKiEZ is PUNK’D, Motivated, Bleach, 7.27
Blue Bird, fumika, Happy, Bleach, 8.62
Haruka Kanata, UNLIMITS, Sad, Bleach, 6.78
Re, Aimer, Love, Bleach, 9.45
Mask, Aqua Timez, Motivated, Bleach, 7.73
Scar, Tatsuya Kitani, Intense, Bleach, 8.03
Rapport, Tatsuya Kitani, Pain, Bleach, 6.29
Saihate, SennaRin, Sad, Bleach, 6.55
Number One (feat. Hazel Fernandes), Shiro SAGISU, Happy, Bleach, 8.91
Kaikai Kitan, Eve, Motivated, Jujutsu Kaisen, 8.47
VIVID VICE, Who-ya Extended, Sad, Jujutsu Kaisen, 7.35
LOST IN PARADISE feat. AKLO, ALI, Happy, Jujutsu Kaisen, 9.02
give it back, Cö shu Nie, Intense, Jujutsu Kaisen, 6.78
Ao no Sumika, Tatsuya Kitani, Love, Jujutsu Kaisen, 8.24
SPECIALZ, King Gnu, Pain, Jujutsu Kaisen, 7.91
Akari, Soushi Sakiyama, Happy, Jujutsu Kaisen, 9.14
more than words, Hitsujibungaku, Motivated, Jujutsu Kaisen, 8.60
ALIVE, ClariS, Love, Lycoris Recoil, 8.25
Hana no Tou, Sayuri, Intense, Lycoris Recoil, 7.86
Hello world!, BUMP OF CHICKEN, Happy, Kekkai Sensen, 8.75
Sugar Song to Bitter Step, UNISON SQUARE GARDEN, Motivated, Kekkai Sensen, 9.10
fake town baby, UNISON SQUARE GARDEN, Intense, Kekkai Sensen & Beyond, 8.35
Step Up LOVE, DAOKO x Yasuyuki Okamura, Love, Kekkai Sensen & Beyond, 7.90
X.U., SawanoHiroyuki[nZk], Intense, Seraph of The End, 8.22
scaPEGoat, SawanoHiroyuki[nZk], Sad, Seraph of The End, 7.63
Two souls -toward the truth-, fripSide, Motivated, Seraph of The End, 8.85
Orarion, yanaginagi, Love, Seraph of The End, 7.40
departure!, Ono Masatoshi, Motivated, Hunter x Hunter, 8.24
Just Awake, Fear and Loathing in Las Vegas, Intense, Hunter x Hunter, 8.95
HUNTING FOR YOUR DREAM, Galneryus, Motivated, Hunter x Hunter, 8.73
Riot, Yoshihisa Hirano, Intense, Hunter x Hunter, 8.31
REASON, Yuzu, Sad, Hunter x Hunter, 7.58
Nagareboshi Kirari (YUZU Version), Yuzu, Love, Hunter x Hunter, 7.84
Hyouriittai, Yuzu, Happy, Hunter x Hunter, 8.46
Understanding, Yoshihisa Hirano, Pain, Hunter x Hunter, 7.92
Morning, Keno, Happy, Hunter x Hunter, 8.10
Taiyou wa Yoru mo Kagayaku, Wino, Love, Hunter x Hunter, 7.66
COLORS, FLOW, Intense, Code Geass: Lelouch Of The Rebellion, 8.56
Kaidoku Funou, Jinn, Motivated, Code Geass: Lelouch Of The Rebellion, 8.73
Hitomi no Tsubasa, Access, Love, Code Geass: Lelouch Of The Rebellion, 7.84
Yuukyou Seishunka, ALI PROJECT, Sad, Code Geass: Lelouch Of The Rebellion, 7.92
Mosaic Kakera, SunSet Swish, Happy, Code Geass: Lelouch Of The Rebellion, 8.10
Innocent Days, Hitomi, Pain, Code Geass: Lelouch Of The Rebellion, 7.66
Stories, Hitomi, Love, Code Geass: Lelouch Of The Rebellion, 8.24
All Hail Britannia!!!, Katsuyuki Nakanishi ft Hiroki Shimizu ft Tomohiro Tani, Intense, Code Geass: Lelouch Of The Rebellion, 8.95
Masquerade, Hitomi, Motivated, Code Geass: Lelouch Of The Rebellion, 8.31
Picaresque, Sakai Mikio, Intense, Code Geass: Lelouch Of The Rebellion, 7.58
Callin’, Sakai Mikio, Happy, Code Geass: Lelouch Of The Rebellion, 7.84
Alone, Hitomi, Sad, Code Geass: Lelouch Of The Rebellion, 8.46
Black Knights, Hideo Negi ft Masashi Kohata ft Hiroki Shimizu, Motivated, Code Geass: Lelouch Of The Rebellion, 7.92
02O-Two, Orange Range, Happy, Code Geass: Lelouch Of The Rebellion, 8.10
WORLD END, FLOW, Intense, Code Geass: Lelouch Of The Rebellion, 8.56
Shiawase Neiro, Orange Range, Love, Code Geass: Lelouch Of The Rebellion, 7.66
Waga Routashi Aku no Hana, ALI PROJECT, Pain, Code Geass: Lelouch Of The Rebellion, 8.73
INNOCENT SORROW, abingdon boys school, Intense, D.Gray-man, 8.62
Brightdown, Tamaki Nami, Motivated, D.Gray-man, 7.95
Doubt & Trust, access, Love, D.Gray-man, 8.21
Gekidou, UVERworld, Happy, D.Gray-man, 7.74
Snow Kiss, NIRGILIS, Sad, D.Gray-man, 8.10
Pride of Tomorrow, JUNE, Motivated, D.Gray-man, 7.89
Yume no Tsuduki e, surface, Love, D.Gray-man, 7.96
Antoinette Blue, Kitade Nana, Intense, D.Gray-man, 8.44
Anata ga Koko ni Iru Riyuu, Rie fu, Pain, D.Gray-man, 8.15
Wish, Sowelu, Happy, D.Gray-man, 8.05
Regret, Hoshimura Mai, Sad, D.Gray-man, 7.85
Changin, Stephanie, Love, D.Gray-man, 8.30
Key -bring it on my Destiny-, Lenny code fiction, Intense, D.Gray-man, 8.50
Lotus Pain, Mashiro Ayano, Pain, D.Gray-man, 7.70
Pride, Nothing’s Carved In Stone, Intense, Kingdom, 8.75
Voice of Soul, Takumi Ishida, Sad, Kingdom, 7.90
Destiny Sky, Yuki Wakai, Motivated, Kingdom, 8.12
Never Ending, Dasoku, Love, Kingdom, 7.88
GLORY DAYS, D☆DATE, Happy, Kingdom, 8.40
Exit, The Sketchbook, Pain, Kingdom, 7.65
Soko ni Kimi ga Iru, The Sketchbook, Sad, Kingdom, 7.84
TOMORROW, BiSH, Happy, Kingdom, 8.15
STACKiNG, BiSH, Intense, Kingdom, 7.92
Deep inside, waterweed, Love, Kingdom, 7.70
kIng, Emiko Suzuki, Motivated, Kingdom, 8.05
Ray, SUIREN, Happy, Kingdom, 7.95
geki, Zonji, Intense, Kingdom, 8.35
Genyou, haku, Sad, Kingdom, 7.60
Believe, Misaki, Happy, Kingdom, 8.10
Douka, DeNeel, Pain, Kingdom, 7.75
RULERS, Novel Core, Intense, Kingdom, 8.55
Young Complex, Kessoku Band, Motivated, Bocchi the Rock!, 8.23
Karakara, Kessoku Band, Happy, Bocchi the Rock!, 7.91
What's bad, Kessoku Band, Intense, Bocchi the Rock!, 8.45
Rolling Rock Your morning is full, Kessoku Band, Love, Bocchi the Rock!, 8.12
Oshiire yori Ai wo Komete, Hitori Gotoh (CV: Yoshino Aoyama), Sad, Bocchi the Rock!, 7.75
8-gatsu wo Yubiori Kazoeru Kimi to Machi de Deaeru Kakuritsu ni Tsuite, FUZZY LOGIC, Intense, Bocchi the Rock!, 8.30
Cocktail Song, Hitori Gotoh (CV: Yoshino Aoyama), Love, Bocchi the Rock!, 7.98
Kaze Hike no Uta, Hitori Gotoh (CV: Yoshino Aoyama), Motivated, Bocchi the Rock!, 8.17
Dakishime Magic, AKORINGO, Happy, Bocchi the Rock!, 7.80
Double Kokurekishi Bocchi, Hitori Gotoh (CV: Yoshino Aoyama), Love, Bocchi the Rock!, 8.05
Sono Hi Haitta Shinjin yori Tsukaenai Dame Baito no Elegy, Hitori Gotoh (CV: Yoshino Aoyama), Sad, Bocchi the Rock!, 7.62
Guitar to Kodoku to Aoi Hoshi, Kessoku Band, Motivated, Bocchi the Rock!, 8.38
Guitar is friend, Hitori Gotoh (CV: Yoshino Aoyama), Happy, Bocchi the Rock!, 7.87
Ano Band, Kessoku Band, Intense, Bocchi the Rock!, 8.50
Watashi Dake Yuurei, SICK HACK, Sad, Bocchi the Rock!, 7.71
Seiza ni Naretara, Kessoku Band, Happy, Bocchi the Rock!, 7.95
Wasurete Yaranai, Kessoku Band, Intense, Bocchi the Rock!, 8.63
Makafushigi Adventure, Hiroki Takahashi, Happy, Dragon Ball, 8.17
Romatikku Ageru Yo, Ushio Hashimoto, Love, Dragon Ball, 8.92
Cha-La Head-Cha-La, Hironobu Kageyama, Motivated, Dragon Ball, 9.05
We Gotta Power, Hironobu Kageyama, Intense, Dragon Ball, 8.78
Dete Koi Tobikiri ZENKAI Power!, MANNA, Sad, Dragon Ball, 7.64
We are Angel, Hironobu Kageyama, Love, Dragon Ball, 8.36
DAN DAN Kokoro Hikareteku, Field of View, Happy, Dragon Ball, 8.21
Not Alone, Deen, Intense, Dragon Ball, 8.43
Don’t you see!, Zard, Sad, Dragon Ball, 7.89
Blue Velvet, Shizuka Kudou, Love, Dragon Ball, 8.72
Sabitsuita Machine Gun de Ima wo Uchinukou, Wands, Motivated, Dragon Ball, 8.95
Dragon Soul, Tanimoto Takeyoshi, Happy, Dragon Ball, 8.60
Yeah! Break! Care! Break!, Tanimoto Takayoshi, Intense, Dragon Ball, 8.79
Kokoro no Hane, AKB48, Love, Dragon Ball, 8.27
Kuu-Zen-Zetsu-Go, Takayoshi Tanimoto, Sad, Dragon Ball, 7.71
Background Zarathustra, Good Morning America, Motivated, Dragon Ball, 8.88
Junjou, Leo Ieiri, Happy, Dragon Ball, 8.33
Oh Yeah!!!!!!!, Czecho No Republic, Intense, Dragon Ball, 8.14
GALAXY, Kyuuso Nekokami, Love, Dragon Ball, 8.96
Don’t Let Me Down, Gacharic Spin, Motivated, Dragon Ball, 8.45
fantastic dreamer, Machico, Happy, God’s Blessing on this Wonderful World!, 8.75
TOMORROW, Machico, Motivated, God’s Blessing on this Wonderful World!, 7.92
Growing Up, Machico, Intense, God’s Blessing on this Wonderful World!, 9.14
STAY FREE, Machico, Happy, God’s Blessing on this Wonderful World!, 8.21
Imagination, SPYAIR, Motivated, Haikyu!!, 8.75
Ah Yeah!!, Sukima Switch, Intense, Haikyu!!, 7.92
Tenchi Gaeshi, NICO Touches the Walls, Love, Haikyu!!, 9.14
LEO, tacica, Sad, Haikyu!!, 8.21
I’M A BELIEVER, SPYAIR, Happy, Haikyu!!, 8.45
FLY HIGH!!, BURNOUT SYNDROMES, Motivated, Haikyu!!, 7.68
Climber, Galileo Galilei, Happy, Haikyu!!, 8.91
Hatsunetsu, tacica, Love, Haikyu!!, 9.03
Hikari Are, BURNOUT SYNDROMES, Intense, Haikyu!!, 7.77
Mashi Mashi, NICO Touches the Walls, Sad, Haikyu!!, 8.29
PHOENIX, BURNOUT SYNDROMES, Motivated, Haikyu!!, 8.87
Toppakou, SUPER BEAVER, Happy, Haikyu!!, 7.61
Kessen Spirit, CHiCO with HoneyWorks, Love, Haikyu!!, 9.12
One Day, SPYAIR, Intense, Haikyu!!, 7.94
ORANGE, SPYAIR, Motivated, Haikyu!!, 8.56
Uragiri no Yuuyake, Theatre Brook, Happy, Durarara!!, 8.21
Complication, ROOKiEZ is PUNK'D, Intense, Durarara!!, 7.95
Trust Me, Yuya Matsushita, Motivated, Durarara!!, 8.47
Butterfly, ON/OFF, Happy, Durarara!!, 8.13
HEADHUNT, OKAMOTO'S, Intense, Durarara!!, 7.82
NEVER SAY NEVER, THREE LIGHTS DOWN KING, Sad, Durarara!!, 8.35
Day you laugh, Toshiyuki Toyonaga, Love, Durarara!!, 9.04
Steppin' out, FLOW, Motivated, Durarara!!, 8.68
Joker ni Yoroshiku, PENGUIN RESEARCH, Happy, Durarara!!, 8.76
TRASH CANDY, GRANRODEO, Intense, Bungo Stray Dogs, 8.92
Namae wo Yobu yo, Luck Life, Motivated, Bungo Stray Dogs, 8.77
Reason Living, SCREEN mode, Intense, Bungo Stray Dogs, 8.85
Kaze ga Fuku Machi, Luck Life, Happy, Bungo Stray Dogs, 8.61
Setsuna no Ai, GRANRODEO, Love, Bungo Stray Dogs, 9.03
Lily, Luck Life, Sad, Bungo Stray Dogs, 8.42
TRUE STORY, SCREEN mode, Motivated, Bungo Stray Dogs, 8.78
Shirushi, Luck Life, Sad, Bungo Stray Dogs, 8.55
Tetsu no Ori, GRANRODEO, Intense, Bungo Stray Dogs, 8.87
Kiseki, Luck Life, Motivated, Bungo Stray Dogs, 8.96

